Post ID,Account ID,Account username,Post type,Description,Permalink
17843721573060532,17841461458191255,locwithaush,IG image,"Month 1ï¸âƒ£ Growth ğŸ¥°ğŸ«¶ğŸ½
â€¢
Day 1 is the first row, Day 26 is the second, and the third row is Day 39 (a few days post retwist) â€¼ï¸Theyâ€™ve shrunk and puffed a good bit â˜ºï¸
â€¢
â€¢
â€¢
#locjourney #locs #locstyles #locnation #starterlocs #womenwithlocs #loclivin #naturalhair #loclife #locstylesforwomen #loclove #locd #loccommunity #naturalhairstyles #teamlocs #dreadlocs #locextensions",https://www.instagram.com/p/CwoAS1-u-hR/
18099572242342641,17841461458191255,locwithaush,IG image,"Half fro half loc ğŸ¤™ğŸ½ğŸ˜‚ Day 44
â€¢
â€¢
â€¢
#locjourney #locs #locstyles #locnation #starterlocs #womenwithlocs #loclivin #naturalhair #loclife #locstylesforwomen #loclove #locd #loccommunity #naturalhairstyles #teamlocs #dreadlocs #locextensions",https://www.instagram.com/p/CwtM0TKulVe/
17946350234689220,17841461458191255,locwithaush,IG image,"Texture for #texturetuesday âœ¨Day 45
â€¢
â€¢
â€¢

#locjourney #locs #locstyles #locnation #starterlocs #womenwithlocs #loclivin #naturalhair #loclife #locstylesforwomen #loclove #locd #loccommunity #naturalhairstyles #teamlocs #dreadlocs #locextensions",https://www.instagram.com/p/Cwz6OWFudhM/
18285345307127559,17841461458191255,locwithaush,IG carousel,"Doing something different with my locs ğŸ’• Do you like this style? ğŸ‘€ This was at Day 46 â˜ºï¸
â€¢
If you swipe all the way to the right youâ€™ll see a close up of the back onesâ€¦ Iâ€™ve made the decision to restart the most unraveled one on the very bottom row, because I want them all to be as sturdy & healthy as possible ğŸ«¶ğŸ½ This is the journey yâ€™all!
â€¢
â€¢
â€¢
#locjourney #locs #locstyles #locnation #starterlocs #womenwithlocs #loclivin #naturalhair #loclife #locstylesforwomen #loclove #locd #loccommunity #naturalhairstyles #teamlocs #dreadlocs #locextensions",https://www.instagram.com/p/Cw5F9k4u18I/
18008042992911504,17841461458191255,locwithaush,IG image,"Bandannas be coming in clutch ğŸ¤™ğŸ½ Day 49
â€¢
â€¢
â€¢
#locjourney #locs #locstyles #locnation #starterlocs #womenwithlocs #loclivin #naturalhair #loclife #locstylesforwomen #loclove #locd #loccommunity #naturalhairstyles #teamlocs #dreadlocs #locextensions",https://www.instagram.com/p/Cw8J2LsOJuU/
17987404415137620,17841461458191255,locwithaush,IG carousel,"Textureeee â€¢ Day 51 ğŸ’• Theyâ€™re getting so thick ğŸ¥¹
â€¢
â€¢
â€¢
#locjourney #locs #locstyles #locnation #starterlocs #womenwithlocs #loclivin #naturalhair #loclife #locstylesforwomen #loclove #locd #loccommunity #naturalhairstyles #teamlocs #dreadlocs #locextensions",https://www.instagram.com/p/CxF-wUsOIsj/
18258131473163986,17841461458191255,locwithaush,IG image,"2nd retwist in 6 daysâ€¼ï¸ğŸ˜ƒ Day 54
â€¢
â€¢
â€¢
#locjourney #locs #locstyles #locnation #starterlocs #womenwithlocs #loclivin #naturalhair #loclife #locstylesforwomen #loclove #locd #loccommunity #naturalhairstyles #teamlocs #dreadlocs #locextensions",https://www.instagram.com/p/CxMOZLHO6EY/
18008283538943648,17841461458191255,locwithaush,IG image,"Hope Iâ€™m not too late for #texturetuesday â˜ºï¸ last post before my 2nd retwist â€¢ Day 61 â€¼ï¸ stay tuned ğŸ«¶ğŸ½ğŸ’•
â€¢
â€¢
â€¢
#locjourney #locs #locstyles #locnation #starterlocs #womenwithlocs #loclivin #naturalhair #loclife #locstylesforwomen #loclove #locd #loccommunity #naturalhairstyles #teamlocs #dreadlocs #locextensions",https://www.instagram.com/p/CxZBtcwuaA9/
17995300094320741,17841461458191255,locwithaush,IG image,"OFFICIALLY 2 MONTHS ğŸ”’ ğŸ¥¹ğŸ¥³ğŸ’• 9/20/23 â€¼ï¸ yall I tried to do a side part and my locs decided to do wtf it wanted ğŸ˜‚ but I love it tbh my locs have so much personality ğŸ«¶ğŸ½ if youâ€™re interested in my self reflection at this point in the journey, read below â˜ºï¸
â€¢
For me, part of the journey is surrendering to the natural tendencies of my hair, and allowing it to express itself in the way it wants to. Before locs, I spent way too much time trying to make it do what it doesnâ€™t want to doâ€¦ and I got so frustrated that I cut it off for a good year! I started regrowing my hair Dec 2021, but even then, I kept experiencing extreme breakage trying to create the largest afro I could possibly have. I kept blow drying my hair, detangling it (DRY cause moisture makes the Afro shrink ğŸ™„), and combed it throughout the day in attempts to keep length in Houston humidity. I truly did not know how to care for my hair, and I hated that my hair never did what I wanted it to do. It took a while to realize the impact societal norms had on my perception of my hair. I grew up getting nothing but perms, quick weaves, sew ins and braids. While I eventually learned to loved my 4c texture, I hated the shrinkage that came along with it. Long hair is such a prevalent (but Eurocentric) beauty norm for women and my hair grew up, not down. So with my loc journey I decided to say fuck that. Iâ€™m not concerned with having long locs. IDC about length checks or hang time. I care about fostering a loving relationship Iâ€™ve never had with my hair. I care about its health. And if length happens to come then I definitely welcome it! But thatâ€™s not the goal. The goal is to finally allow my hair to thrive and simply exist openly & unapologetically. So if my locs decide it wants stick out in the air then fuck it we ball ğŸ¤™ğŸ½
â€¢
â€¢
â€¢
#locjourney #locs #locstyles #locnation #starterlocs #womenwithlocs #loclivin #naturalhair #loclife #locstylesforwomen #loclove #locd #loccommunity #naturalhairstyles #teamlocs #dreadlocs #locextensions",https://www.instagram.com/p/CxdWx27Ob1W/
18057733150421547,17841461458191255,locwithaush,IG carousel,"Day 66 â˜ºï¸ few days post retwist
â€¢
â€¢
â€¢
#locjourney #locs #locstyles #locnation #starterlocs #womenwithlocs #loclivin #naturalhair #loclife #locstylesforwomen #loclove #locd #loccommunity #naturalhairstyles #teamlocs #dreadlocs #locextensions",https://www.instagram.com/p/Cxlp2O7OK7G/
18013117540740395,17841461458191255,locwithaush,IG reel,"I love all my followers though ğŸ¥ºğŸ«¶ğŸ½ yâ€™all are the best
â€¢
â€¢
â€¢
#locjourney #locs #locstyles #locnation #starterlocs #womenwithlocs #loclivin #naturalhair #loclife #locstylesforwomen #loclove #locd #loccommunity #naturalhairstyles #teamlocs #dreadlocs #locextensions",https://www.instagram.com/reel/Cxn8bhBuufV/
18015672733855145,17841461458191255,locwithaush,IG image,"Progress post for this #texturetuesday â˜ºï¸ Babies are starting to lose that twist pattern â€¼ï¸ Love doing these comparisons cause itâ€™s hard to see the changes without them. That new growth going crazy too ğŸ¤ª. 
â€¢
â€¢
â€¢
#locjourney #locs #locstyles #locnation #starterlocs #womenwithlocs #loclivin #naturalhair #loclife #locstylesforwomen #loclove #locd #loccommunity #naturalhairstyles #teamlocs #dreadlocs #locextensions",https://www.instagram.com/p/CxqEfGDuL4Z/
17973978623547525,17841461458191255,locwithaush,IG reel,"Loc Journey from the beginning to end of Month 2 ğŸ«¶ğŸ½
â€¢
â€¢
â€¢
#locjourney #locs #locstyles #locnation #starterlocs #womenwithlocs #loclivin #naturalhair #loclife #locstylesforwomen #loclove #locd #loccommunity #naturalhairstyles #teamlocs #dreadlocs #locextensions",https://www.instagram.com/reel/Cxsn7H9ujp7/
18010918453898102,17841461458191255,locwithaush,IG carousel,"The weather is cooling down â˜ºï¸ Day 72
â€¢
â€¢
â€¢
#locjourney #locs #locstyles #locnation #starterlocs #womenwithlocs #loclivin #naturalhair #loclife #locstylesforwomen #loclove #locd #loccommunity #naturalhairstyles #teamlocs #dreadlocs #locextensions",https://www.instagram.com/p/Cx0kIeUO5CG/
18012587584766919,17841461458191255,locwithaush,IG image,"Month 2 Recap âœ¨
â€¢
â€¢
â€¢
#locjourney #locs #locstyles #locnation #starterlocs #womenwithlocs #loclivin #naturalhair #loclife #locstylesforwomen #loclove #locd #loccommunity #naturalhairstyles #teamlocs #dreadlocs #locextensions",https://www.instagram.com/p/Cx5_ZsUO3nF/
18001730491938895,17841461458191255,locwithaush,IG image,"#texturetuesday ğŸ«¶ğŸ½ sheâ€™s been wrapped up so the locs are a little smushed rn but they still cute â€¼ï¸ğŸ˜‚ğŸ’•
â€¢
â€¢
â€¢
#locjourney #locs #locstyles #locnation #starterlocs #womenwithlocs #loclivin #naturalhair #loclife #locstylesforwomen #loclove #locd #loccommunity #naturalhairstyles #teamlocs #dreadlocs #locextensions",https://www.instagram.com/p/Cx8APieuP-2/
18012680083762142,17841461458191255,locwithaush,IG carousel,"Bandana Bangs ğŸ«¶ğŸ½ğŸ’• â€¢ Day 80
â€¢
â€¢
â€¢
#locjourney #locs #locstyles #locnation #starterlocs #womenwithlocs #loclivin #naturalhair #loclife #locstylesforwomen #loclove #locd #loccommunity #naturalhairstyles #teamlocs #dreadlocs #locextensions",https://www.instagram.com/p/CyBJ4kJON6m/
18007565923978864,17841461458191255,locwithaush,IG reel,"The difference in just 1 month ğŸ¥° loving & embracing my loc journey ğŸ«¶ğŸ½ğŸ’•
â€¢
â€¢
â€¢
#locjourney #locs #locstyles #locnation #starterlocs #womenwithlocs #loclivin #naturalhair #loclife #locstylesforwomen #loclove #locd #loccommunity",https://www.instagram.com/reel/CyGTaPEOt8A/
17892237257911692,17841461458191255,locwithaush,IG carousel,"Yallllll I went to my first loc meetup â€¼ï¸â€¼ï¸ It was so fun and everyone was so supportive of my starter locs and starting my journey ğŸ¥¹ğŸ«¶ğŸ½ huge thanks to @locmeetup for hosting this and providing such a beautiful space for us in Houston to dance, vibe and meet each other ğŸ’• canâ€™t wait for the next one â€¼ï¸
â€¢
â€¢
â€¢

#locjourney #locs #locstyles #locnation #starterlocs #locd",https://www.instagram.com/p/CyKDygEuSdu/
18392786110056749,17841461458191255,locwithaush,IG carousel,"Fresh after-wash pics this #texturetuesday ğŸ’• Day 81
â€¢
â€¢
â€¢
#locjourney #locs #locstyles #starterlocs #loclivin #locd #loccommunity #naturalhair #explorepage",https://www.instagram.com/p/CyOJ_u8uec-/
17997066500193277,17841461458191255,locwithaush,IG carousel,"Reminiscing on the @locmeetup last week ğŸ˜­ğŸ’•
â€¢
â€¢
â€¢
#locjourney #locs #locstyles #starterlocs #loclivin #locd #loccommunity #naturalhair #explorepage",https://www.instagram.com/p/CyTm5_LuNga/
17863392749980737,17841461458191255,locwithaush,IG image,"I canâ€™t believe itâ€™s almost time for another retwist yall â€¦  like the longer I have locs the less time I notice pass in between retwists ğŸ‘€ anyone else experience that early in their loc journey? ğŸ¤”
â€¢
â€¢
â€¢
#locjourney #locs #locstyles #starterlocs #loclivin #locd #loccommunity #naturalhair #explorepage",https://www.instagram.com/p/CyYwb-pOKMT/
18001235957147332,17841461458191255,locwithaush,IG image,"Some frizz this #texturetuesday ğŸ’•Comment â€œFrizzâ€ below if you like a little frizz to your locs â€¼ï¸ğŸ¥° Day 84
â€¢
â€¢
â€¢
#locjourney #locs #locstyles #starterlocs #loclivin #locd #loccommunity #naturalhair #explorepage",https://www.instagram.com/p/Cyge4WdOjsZ/
17975471897396019,17841461458191255,locwithaush,IG carousel,"I swear my locs in the front are taking the longest to start losing itâ€™s pattern ğŸ˜­ canâ€™t wait for them to start frizzing up like the back ğŸ«¶ğŸ½ Day 90 ğŸ’•
â€¢
â€¢
â€¢
#locjourney #locs #locstyles #starterlocs #loclivin #locd #loccommunity #naturalhair #explorepage",https://www.instagram.com/p/CylocgiOYWZ/
17997307316270000,17841461458191255,locwithaush,IG reel,"Today marks 3 months locd ğŸ”â€¼ï¸ Fresh Rewtist ğŸ˜
â€¢
â€¢
â€¢
#locjourney #locs #locstyles #starterlocs #loclivin #locd #loccommunity #naturalhair #explorepage",https://www.instagram.com/reel/CyoxPFpODbc/
17927228612688611,17841461458191255,locwithaush,IG carousel,"3 months locd ğŸ” yesterday â€¼ï¸
Scroll down for loc journey updates ğŸ’•ğŸ«¶ğŸ½
â€¢
â€¢
â€¢
I retwisted my hair for the 3rd time and it was significantly easier yall ğŸ˜­ I had more new growth to work with, so the tension required to keep my clips in place was hardly any at all! If you look closely you can still see a clip I missed but these pictures were too bomb to not post ğŸ˜.

I also combined 2 locs! There were two locs in the back that were relatively small compared to the rest of my locs and they werenâ€™t doing so well on their own. So I used a loc crochet hook to combine them close to the root and Iâ€™m allowing the rest to do its thing!

And this retwist I learned how to locksmith ğŸ˜­ğŸ™ŒğŸ½ so the budding is a little bit more controlled than the last retwist, so happy about this new skill â˜ºï¸
â€¢
â€¢
â€¢

#locjourney #locs #locstyles #starterlocs #loclivin #locd #loccommunity #naturalhair #explorepage",https://www.instagram.com/p/Cyr9jSgOBs2/
17862256740023131,17841461458191255,locwithaush,IG image,"I know yâ€™all love a good growth post â€¼ï¸
Sheâ€™s getting longer and thicker ğŸ˜ 3 months downnnnn ğŸ’•
â€¢
â€¢
â€¢
#locjourney #locs #locstyles #starterlocs #loclivin #locd #loccommunity #naturalhair #explorepage",https://www.instagram.com/p/Cyv7m1OuQaD/
18043223878539911,17841461458191255,locwithaush,IG carousel,"Happy texture tuesday â˜ºï¸ğŸ’•
â€¢
â€¢
â€¢
#locjourney #locs #locstyles #starterlocs #loclivin #locd #loccommunity #naturalhair #explorepage",https://www.instagram.com/p/Cyygcq-uY-g/
18048942469507171,17841461458191255,locwithaush,IG carousel,"Day 94 ğŸ’• Couple days Post-Retwistâ€¦ Iâ€™m almost getting to the point where these locs on my forehead are going to annoy me getting into my eye! I can see them when I look up and thatâ€™s already irking me. Iâ€™m real quick to put my hair out of the way of view ğŸ˜­
â€¢
â€¢
â€¢
#locjourney #locs #locstyles #starterlocs #loclivin #locd #loccommunity #naturalhair #explorepage",https://www.instagram.com/p/Cy3qAiDurw3/
17974281443430416,17841461458191255,locwithaush,IG image,"For my monthly progress this 3rd month, I wanted to switch it up and only do my baybang locs in the front ğŸ¥ºğŸ«¶ğŸ½. They were getting rough there ğŸ‘€, but you gotta #trusttheprocess ğŸ’•
â€¢
â€¢
â€¢
#locjourney #locs #locstyles #starterlocs #loclivin #locd #thicklocs #loccommunity #naturalhair #explorepage",https://www.instagram.com/p/Cy8zj5IO-fo/
18241946158171519,17841461458191255,locwithaush,IG carousel,"Happy #texturetuesday & 100 Days Locâ€™d to meğŸ¥³â€¼ï¸
â€¢
â€¢
â€¢
Weâ€™re about a week post retwist so itâ€™s time for a wash. Retwists are fun while it lasts but my scalp needs to be cleansed weekly â€¼ï¸ All of the budding close to the root that is red is pretty thick & solid. A tiny bit of the new growth in black is starting to bud a bit. And the rest of the loc is still slowly losing that twist pattern. Weâ€™re getting into the teenage stage, I can officially not control the direction of my locs ğŸ˜­ love them though truly ğŸ’•
â€¢
â€¢
#locjourney #locs #locstyles #starterlocs #loclivin #locd #loccommunity #naturalhair #explorepage",https://www.instagram.com/p/CzB9N3zuMbG/
17959228418505686,17841461458191255,locwithaush,IG image,"Started my loc journey 07â€¢20â€¢2023 ğŸ¥¹ I plan to be as detailed as possible as I take note of the journey ahead ğŸ’•ğŸ«¶ğŸ½ This was such an important & necessary step in my growth and development as an individual learning to unapologetically be themselves. 
â€¢
â€¢
This is for the little black girl who wished their hair was pretty. If that resonates with you, I invite you to join me in discovering the beauty that was there all along âœ¨
â€¢
â€¢
â€¢
#locs #locjourney #starterlocs #locstyles  #locsforlife #locnation #locd #4chair #4cnaturalhair #naturalhair",https://www.instagram.com/p/CwQ36GwMlsE/
18012297496698159,17841461458191255,locwithaush,IG image,"This was about 3 1/2 weeks in ğŸ’• a few days before my first retwist â€¼ï¸ The shrinkage didnâ€™t hesitate to come thru but Iâ€™m honestly used to shrinkage! Loved the frizziness and honestly hope to keep it frizzy â˜ºï¸
â€¢
â€¢
â€¢
#locjourney #locs #locstyles #locnation #starterlocs #womenwithlocs #loclivin #naturalhair #loclife #locstylesforwomen #loclove #locd #loccommunity #naturalhairstyles #teamlocs #dreadlocs #4chair",https://www.instagram.com/p/CwSuuI4gJtH/
17977036910288424,17841461458191255,locwithaush,IG image,"This was Day 2, the first day I wore them out after putting them in ğŸ’• missing the red color ğŸ¥º
â€¢
â€¢
â€¢

#locjourney #locs #locstyles #locnation #starterlocs #womenwithlocs #loclivin #naturalhair #loclife #locstylesforwomen #loclove #locd #loccommunity #naturalhairstyles #teamlocs #dreadlocs #locextensions",https://www.instagram.com/p/CwY2i39M8yn/
18007809379907900,17841461458191255,locwithaush,IG carousel,"08/26/23 .. 1 month and 6 days ğŸ«¶ğŸ½ a couple days post retwist! Look at the budding up top ğŸ¥¹
â€¢
â€¢
â€¢
I used the Loc N Gel and kept it clipped for maybe 4 hours. Didnâ€™t use a hair dryer cause I didnâ€™t want to dry out my scalp and cause itchiness. Some of them have already untwisted ğŸ’€ my hair doesnâ€™t like being styled in any capacity ğŸ¤·ğŸ½â€â™€ï¸
â€¢
â€¢

#locjourney #locs #locstyles #locnation #starterlocs #womenwithlocs #loclivin #naturalhair #loclife #locstylesforwomen #loclove #locd #loccommunity #naturalhairstyles #teamlocs #dreadlocs #locextensions",https://www.instagram.com/p/Cwc-10NO276/
18041466685503031,17841461458191255,locwithaush,IG carousel,"I heard it was #texturetuesday ğŸ‘€
â€¢
â€¢
1 month and 9 days in ğŸ«¶ğŸ½ğŸ’•, 9 days post retwistâ€¦ theyâ€™ve grown so much already â€¼ï¸
â€¢
â€¢

#locjourney #locs #locstyles #locnation #starterlocs #womenwithlocs #loclivin #naturalhair #loclife #locstylesforwomen #loclove #locd #loccommunity #naturalhairstyles #teamlocs #dreadlocs #locextensions",https://www.instagram.com/p/Cwi0N8XOTSJ/
17911489316834724,17841461458191255,locwithaush,IG reel,"I take lots of pictures of my loc journey but not so many videos ğŸ˜­ wanted to start with some of the changes Iâ€™ve noticed in the past 3 months since starting. What are some changes you noticed early in your loc journey ğŸ’«?
â€¢
â€¢
â€¢
#locjourney #locs #locstyles #starterlocs #loclivin #locd #loccommunity #naturalhair #explorepage",https://www.instagram.com/reel/CzJrQ-auZiP/
18014650463118479,17841461458191255,locwithaush,IG image,"Ugh I missed her ğŸ˜ I love their natural form ğŸ«¶ğŸ½
â€¢
â€¢
â€¢
#locjourney #locs #locstyles #starterlocs #loclivin #locd #loccommunity #naturalhair #explorepage",https://www.instagram.com/p/C2n1YB-u2t8/
17899537082939782,17841461458191255,locwithaush,IG carousel,"Day 190 â€¢ Itâ€™s about time to wash my scalp â˜ºï¸ living for the pigtails though â€¼ï¸
â€¢
â€¢
â€¢
#locjourney #locs #locstyles #starterlocs #loclivin #locd #loccommunity #naturalhair #explorepage",https://www.instagram.com/p/C2lENRPOvob/
18084660298418346,17841461458191255,locwithaush,IG carousel,"Silly with Texture today ğŸ¤ªğŸ’• â€¢ Day 187
â€¢
â€¢
â€¢
#locjourney #locs #locstyles #starterlocs #loclivin #locd #loccommunity #naturalhair #explorepage",https://www.instagram.com/p/C2du3jFu0jQ/
17997037112236958,17841461458191255,locwithaush,IG image,"6 month progress post ğŸ«¶ğŸ½â€¼ï¸ This is probably my best retwist yetâ€¦ love self maintaining my locs and growing along side them ğŸ¥¹
â€¢
â€¢
â€¢
#locjourney #locs #locstyles #starterlocs #loclivin #locd #loccommunity #naturalhair #explorepage",https://www.instagram.com/p/C2aW3s2OSIq/
18055399198480854,17841461458191255,locwithaush,IG reel,"Imagine how far along youâ€™d be if you locked up when you started to think about locking up ğŸ˜­ this is your sign, just do it â€¼ï¸",https://www.instagram.com/reel/C2aDcI7OgQ1/
18280666978090357,17841461458191255,locwithaush,IG carousel,"ITS THE BIG 6 MONTHS YALL â€¼ï¸âœ¨ğŸ¥³ A whole half year locked today ğŸ¥¹ never loved my hair more and sheâ€™s not even done yet â€¦ looking forward to the next 6 â˜ºï¸ğŸ«¶ğŸ½ğŸ’•
â€¢
â€¢
â€¢
#locjourney #locs #locstyles #starterlocs #loclivin #locd #loccommunity #naturalhair #explorepage",https://www.instagram.com/p/C2VmHVUuDHq/
18000145058172322,17841461458191255,locwithaush,IG carousel,"Day 181 âœ¨Wanted to provide full transparency in this post for those interested in starting their locsâ€¼ï¸This is what my 4c locs usually look like a few days before a retwist. A very thick afro at the roots, hairs flying in between locs & the back row damn near non existent but slowly locking ğŸ˜­
â€¢
Side note, I got a lil shake going on in the back. ğŸ¤ª
â€¢
â€¢
#locjourney #locs #locstyles #starterlocs #loclivin #locd #loccommunity #naturalhair #explorepage",https://www.instagram.com/p/C2OKdW2u42v/
17902161773840887,17841461458191255,locwithaush,IG image,"Iâ€™ve been slacking on the progress pics â€¼ï¸ Hereâ€™s the progress over Month 4 ğŸ’• For reference, I usually keep a Retwist for about a week and then I wash my scalp every week after. So as the month progresses my #4chair shrinks back to itâ€™s normal texture till the next retwist that stretches it back out again. 
â€¢
â€¢
â€¢
#locjourney #locs #locstyles #starterlocs #loclivin #locd #loccommunity #naturalhair #explorepage",https://www.instagram.com/p/C1-CIXKur3x/
17985392402386402,17841461458191255,locwithaush,IG carousel,"Happy #texturetuesday â€¼ï¸ took a bit of a break for the holidays & to prepare for this semester, but the locs have been locking ğŸ«¶ğŸ½ now on Day 173
â€¢
â€¢
â€¢
#locjourney #locs #locstyles #starterlocs #loclivin #locd #loccommunity #naturalhair #explorepage",https://www.instagram.com/p/C15B5f_OneJ/
18001176236352751,17841461458191255,locwithaush,IG image,"Iâ€™m a personal fan of the no retwist look currently â€¼ï¸ itâ€™s like an Afro of locs â˜ºï¸ğŸ«¶ğŸ½ â€¢ Day 162
â€¢
â€¢
â€¢
#locjourney #locs #locstyles #starterlocs #loclivin #locd #loccommunity #naturalhair #explorepage",https://www.instagram.com/p/C1dIVw4OotF/
18005768960331782,17841461458191255,locwithaush,IG image,"I wrap my hair like this whenever I moisturize them with water for the day to stretch my retwist a bit longer, but sometimes I just wear it like this out â€¼ï¸ğŸ¥° Missed #texturetuesday so weâ€™re doing a #texturewednesday today lol. Hope everyone had a wonderful Christmas ğŸ„ğŸ«¶ğŸ½ğŸ’•",https://www.instagram.com/p/C1XcXw6uHFu/
18051892120522372,17841461458191255,locwithaush,IG carousel,"Month 5 ğŸ¾ğŸŠ weâ€™re past the eyes now folks ğŸ˜
â€¢
Yall canâ€™t tell me I donâ€™t have locs now these shits LOCKED â€¼ï¸ patiently waiting for the ends to loc like the roots now â˜ºï¸
â€¢
â€¢
â€¢
#locjourney #locs #locstyles #starterlocs #loclivin #locd #loccommunity #naturalhair #explorepage",https://www.instagram.com/p/C1H9Y8uunhZ/
18065531941479638,17841461458191255,locwithaush,IG carousel,"Embracing the variety this #texturetuesday ğŸ«¶ğŸ½ retwisting tomorrow for month 5 ğŸ¥°
â€¢
â€¢
â€¢
#locjourney #locs #locstyles #starterlocs #loclivin #locd #loccommunity #naturalhair #explorepage",https://www.instagram.com/p/C1Czyzvuhly/
18004055720193693,17841461458191255,locwithaush,IG carousel,"Day 144 ğŸ«¶ğŸ½ | #texturetuesday 
â€¢
â€¢
â€¢
So interesting to see the progress of my locs.. pretty much all of them are locked close to the root, some have lost the twist pattern completely and others are pretty stubborn in their twist patternâ€¼ï¸ some of the ends are skinny and Iâ€™m not sure why ğŸ¤” but still embracing every part of the journey â˜ºï¸",https://www.instagram.com/p/C0wyQhtO6Us/
17855977728049547,17841461458191255,locwithaush,IG image,"The last time I did this style was at 3 weeks believe it or not â€¼ï¸On week 19 now â˜ºï¸
â€¢
â€¢
â€¢
#locjourney #locs #locstyles #starterlocs #loclivin #locd #loccommunity #naturalhair #explorepage",https://www.instagram.com/p/C0j6UU0OUDu/
18022387486859345,17841461458191255,locwithaush,IG image,"Day 136 ğŸ’• Finals is killing me ğŸ˜­ but happy #texturetuesday â€¼ï¸
â€¢
â€¢
â€¢
#locjourney #locs #locstyles #starterlocs #loclivin #locd #loccommunity #naturalhair #explorepage",https://www.instagram.com/p/C0ewsplu96p/
18300158317133598,17841461458191255,locwithaush,IG image,"Starter Loc Progress over 4 Months ğŸ’• I can see the budding starting to decrease in width and increase in length â€¼ï¸
â€¢
â€¢
â€¢
#locjourney #locs #locstyles #starterlocs #loclivin #locd #loccommunity #naturalhair #explorepage",https://www.instagram.com/p/C0XCT_lui2d/
18102207790361429,17841461458191255,locwithaush,IG image,"I miss the sunny days â˜€ï¸ patiently awaiting spring ğŸŒ¸ğŸ’•
â€¢
â€¢
â€¢
#locjourney #locs #locstyles #starterlocs #loclivin #locd #loccommunity #naturalhair #explorepage",https://www.instagram.com/p/C0R4qDBupw8/
18402953944011143,17841461458191255,locwithaush,IG carousel,"A quick go to style this #texturetuesday ğŸ’• Day 131
â€¢
â€¢
â€¢
#locjourney #locs #locstyles #starterlocs #loclivin #locd #loccommunity #naturalhair #explorepage",https://www.instagram.com/p/C0NM4ANOjPp/
17989217429450898,17841461458191255,locwithaush,IG image,"Locs are starting to drop a bit this month â€¼ï¸ğŸ«¶ğŸ½ Theyâ€™re dropping quite nicely around my face. Itâ€™s almost at the length they were at when I first started my journey ğŸ¥°
â€¢
â€¢
â€¢
#locjourney #locs #locstyles #starterlocs #loclivin #locd #loccommunity #naturalhair #explorepage",https://www.instagram.com/p/C0KKXLvOlA7/
18025170349676330,17841461458191255,locwithaush,IG image,"Locs are starting to cover my ears.. such a weird feeling to experience ğŸ˜…
â€¢
â€¢
â€¢
#locjourney #locs #locstyles #starterlocs #loclivin #locd #loccommunity #naturalhair #explorepage",https://www.instagram.com/p/C0FArkLu7sV/
18001721729473340,17841461458191255,locwithaush,IG image,"Happy Gobble Day ğŸ«¶ğŸ½ Hope everyone ate good today ğŸ¥° â€¢ Day 126 ğŸ’«
â€¢
â€¢
â€¢
#locjourney #locs #locstyles #starterlocs #loclivin #locd #loccommunity #naturalhair #explorepage",https://www.instagram.com/p/C0A_XvSukw7/
18020822986857508,17841461458191255,locwithaush,IG carousel,"4 month close up this #texturetuesday ğŸ’«
â€¢
â€¢
â€¢
#locjourney #locs #locstyles #starterlocs #loclivin #locd #loccommunity #naturalhair #explorepage",https://www.instagram.com/p/Cz6tkXCufZg/
18006542207152539,17841461458191255,locwithaush,IG carousel,"Retwist #4 ğŸ«¶ğŸ½ Day 122
â€¢
â€¢
â€¢
Yâ€™all Iâ€™m obsessedâ€¦ Iâ€™m honestly shocked every retwist at the growth and change. My hair is usually shrunk up cause I wash my hair more often than most. But Iâ€™m always shocked at how much my hair is thriving even when it may look all over the place lol. Iâ€™m so proud of myself & my hair.. weâ€™re growing together and the relationship between us has never been better. This is what the journey is about ğŸ’•â€¼ï¸& I can confidently say these are my LOCS like look at them ğŸ˜­ 
â€¢
â€¢
â€¢
#locjourney #locs #locstyles #starterlocs #loclivin #locd #loccommunity #naturalhair #explorepage",https://www.instagram.com/p/Cz1dH3rO5HB/
18000314171255461,17841461458191255,locwithaush,IG image,"Day 119 ğŸ’« Coming up on my retwist date next weekâ€¦ yâ€™all be talking about needing a retwist but ya girl really NEED a retwist for the last row of locs in the back ğŸ˜­ my hair is finer in the back so theyâ€™ve been difficult from the jump. And the base of those locs are almost nonexistent. But you can see they are starting to loc! Iâ€™m thinking about crocheting them just a bit to help them out. 
â€¢
How did yall handle locs with finer textures?
â€¢
â€¢
â€¢
#locjourney #locs #locstyles #starterlocs #loclivin #locd #loccommunity #naturalhair #explorepage",https://www.instagram.com/p/Czt1kD5um2U/
18070753447397352,17841461458191255,locwithaush,IG carousel,"In honor of #texturetuesday :
You donâ€™t â€œneedâ€ a retwist, you need to learn to be comfortable with your hair in its natural form ğŸ’• Day 117
â€¢
Much love to everyone feeling discouraged by the journey ğŸ«¶ğŸ½ weâ€™re in this together ğŸ¥°
â€¢
â€¢
â€¢
#locjourney #locs #locstyles #starterlocs #loclivin #locd #loccommunity #naturalhair #explorepage",https://www.instagram.com/p/CzotaiDOI3f/
17974918088461877,17841461458191255,locwithaush,IG image,"When you think thereâ€™s no growth think again â€¼ï¸#4chair will trick you into thinking there hasnâ€™t been much growth, but itâ€™s just that our shrinkage is unmatched ğŸ˜‚ This is not even full length yall â€¼ï¸A retwist will easily add an inch or two for us 4c girlies. This is why itâ€™s important to take pictures often while documenting your journey ğŸ¥°
â€¢
â€¢
â€¢
#locjourney #locs #locstyles #starterlocs #loclivin #locd #loccommunity #naturalhair #explorepage #growth #4clocs",https://www.instagram.com/p/Czb0CMROyjE/
17879312312914762,17841461458191255,locwithaush,IG carousel,"Day 110 ğŸ’« #texturetuesday 
â€¢
â€¢
â€¢

#locjourney #locs #locstyles #starterlocs #loclivin #locd #loccommunity #naturalhair #explorepage",https://www.instagram.com/p/CzXC9Z8OLEU/
17975430191434588,17841461458191255,locwithaush,IG image,"Day 106 ğŸ’• Happy Saturday Yâ€™all â˜ºï¸
â€¢
â€¢
â€¢
#locjourney #locs #locstyles #starterlocs #loclivin #locd #loccommunity #naturalhair #explorepage",https://www.instagram.com/p/CzOuR-EuCvo/
18017317418195383,17841461458191255,locwithaush,IG image,"Happy Friday loves ğŸ¤ğŸ«¶ğŸ½â˜ºï¸ â€¢ Day 288

â€¢
â€¢
â€¢

#locjourney #locs #locstyles #starterlocs #loclivin #locd #loccommunity #naturalhair #explorepage",https://www.instagram.com/p/C6hrJghusxX/
18025437893217051,17841461458191255,locwithaush,IG image,"Iâ€™ve been looking forward to this post since Day 1 ğŸ¥¹
My locs have shrunk, doubled in size and grew back a little further than the length I started with ğŸ¤¯ I knew length would come with time but I used to worry about volumeâ€¦ now my locs are breaking my hair ties ğŸ¥²

I KNOW YOUâ€™RE TIRED OF HEARING IT BUT: 
âœ¨ Trust The Process âœ¨

Iâ€™m looking forward to this next year of growth. Iâ€™m thinking most of my back locs will reach my shoulders at the end of year 2. What do yâ€™all think?",https://www.instagram.com/p/C9xTF-yOwAE/
17846451441245828,17841461458191255,locwithaush,IG carousel,"ITS BEEN A YEAR LOCâ€™D ğŸ¤© SWIPE TO SEE WHERE WE STARTED BABE â€¼ï¸ Locaversary Reflection Below ğŸ’•
â€¢
Itâ€™s been surreal watching my hair through this journeyâ€¦ every 3 months it felt like she changed completely.. growing in ways I never thought possible. Just for reference, I cut my hair off completely and started growing it back Dec 2020. Dyed it red and did red braids for a while. Then July 20th, 2023 I decided to lock up! So the red you see at the end of my hair was the length I retained over 3 years. And in this year alone Iâ€™ve DOUBLED the length ğŸ¤¯
â€¢
So the growth has been such a sight to witness and healing for the inner child I dedicated this journey to. I was raised in a place where my hair (among other things) made me an outcast, and no matter what I did I felt like I could never compare. It was just too different, and different felt bad. And I knew the whole â€œDifferent is goodâ€ thing but if weâ€™re being honest, as a child the last thing you want to be is different. I wasnâ€™t taught how to embrace my hair, I was taught how to hide it. And thatâ€™s what I did, for a long time.
â€¢
When I finally decided not to it was a struggle.. to learn how to style my hair on my own with the help of YouTube.. not to mention I didnâ€™t have the money for styling products. It was frustrating and unhealthy for my mental. So I cut it off and that was liberating. I loved every second of it truly. And having that buzz cut made me different too, but I was in undergrad and the pressure of fitting in just doesnâ€™t hit the same as it does in high school. The weight of your responsibility in the world just pushes all of that shit to the side you know? I stopped thinking about how I was different and started thinking about how I just, am. And how I prefer to just, be. I started to grow my hair again in hopes of having a gigantic afro but, the maintenance was a bitch. So I opted instead for locs â€¼ï¸ Now here I am in grad school, with hair Iâ€™d die for and loving every second of it ğŸ’•
â€¢
Growing with her has been the experience of a lifetime. If you need a sign to start your locs, this is it. I can not be anymore genuine than when I say, Loc Your Hair Now ğŸ«¶ğŸ½",https://www.instagram.com/p/C9qKLQyJNEX/
18022623251089189,17841461458191255,locwithaush,IG image,"The last progress pic of the year âœ¨ Weâ€™ve come such a long way and the growth has me in awe.. more on that soon ğŸ’•
â€¢
#locjourney #locs #locstyles #starterlocs #loclivin #locd #loccommunity #naturalhair #explorepage",https://www.instagram.com/p/C9nKODzOknS/
17863845615126079,17841461458191255,locwithaush,IG carousel,"Day 364 fresh after a wash ğŸ¤© But technically my locaversary is on the 20th, so tmr Iâ€™ll post a progress pic and the day after is a full year ğŸ«¨

â€¢

#locjourney #locs #locstyles #starterlocs #loclivin #locd #loccommunity #naturalhair #explorepage",https://www.instagram.com/p/C9kqLbUuMHl/
17864050011170101,17841461458191255,locwithaush,IG image,"I hoped that I had caught #texturetuesday â€¦ I was sadly mistaken

â€¢
â€¢

#locjourney #locs #locstyles #starterlocs #loclivin #locd #loccommunity #naturalhair #explorepage",https://www.instagram.com/p/C9QKJHnO6Db/
18034317950302009,17841461458191255,locwithaush,IG carousel,"Day 348 ğŸ«¶ğŸ½ â€¢ Iâ€™ve been so busyyyy and Iâ€™m already so close to 1 year, itâ€™s coming so fast â€¼ï¸ What should I do for my locaversary? ğŸ‘€

â€¢
â€¢
â€¢

#locjourney #locs #locstyles #starterlocs #loclivin #locd #loccommunity #naturalhair #explorepage",https://www.instagram.com/p/C9DAQ2fu7WO/
18006377261608379,17841461458191255,locwithaush,IG image,"Day 341 ğŸ’• â€¢ Iâ€™ve hit 11 months at this point! I wonâ€™t retwist till this weekend or so, I have a trip to go on soon â˜ºï¸. Will have a progress update for you then â€¼ï¸ğŸ«¶ğŸ½

â€¢
â€¢
â€¢

#locjourney #locs #locstyles #starterlocs #loclivin #locd #loccommunity #naturalhair #explorepage",https://www.instagram.com/p/C8ugyDTuNyY/
18011685059412934,17841461458191255,locwithaush,IG image,"Happy Texture Tuesday â€¼ï¸ been a while since Iâ€™ve posted a progress post ğŸ˜‹

â€¢
â€¢
â€¢

#locjourney #locs #locstyles #starterlocs #loclivin #locd #loccommunity #naturalhair #explorepage",https://www.instagram.com/p/C8FCenUuJCe/
18010849646391878,17841461458191255,locwithaush,IG image,"Itâ€™s a Texture Wednesday type of week ğŸ¥² â€¢ Day 321

â€¢
â€¢
â€¢

#locjourney #locs #locstyles #starterlocs #loclivin #locd #loccommunity #naturalhair #explorepage",https://www.instagram.com/p/C72twlMI-o3/
18022197130990724,17841461458191255,locwithaush,IG carousel,"The go-to hairstyle as of late ğŸ¥° â€¢ Day 309 ğŸ«¶ğŸ½

â€¢
â€¢
â€¢

#locjourney #locs #locstyles #starterlocs #loclivin #locd #loccommunity #naturalhair #explorepage",https://www.instagram.com/p/C7Xp9v6u1Q2/
18010522910196191,17841461458191255,locwithaush,IG carousel,"Day 306 ğŸ«¶ğŸ½ â€¢ #texturetuesday 

â€¢
â€¢
â€¢

#locjourney #locs #locstyles #starterlocs #loclivin #locd #loccommunity #naturalhair #explorepage",https://www.instagram.com/p/C7P90gIu1pG/
17994240764448264,17841461458191255,locwithaush,IG image,"The progress pic gone do it every time ğŸ¤© gentle reminder to take pictures throughout your journey ğŸ’•ğŸ«¶ğŸ½
â€¢
â€¢
â€¢
#locjourney #locs #locstyles #starterlocs #loclivin #locd #loccommunity #naturalhair #explorepage",https://www.instagram.com/p/C7Ex693uEfC/
18045670981689221,17841461458191255,locwithaush,IG image,"Month 10 ğŸ’• got enough length to start my emo era ğŸ‘©ğŸ½â€ğŸ¤
& Happy #texturetuesday â€¼ï¸ First time retwisting into a side part, what do yâ€™all think ğŸ‘€ğŸ’•
â€¢
â€¢
â€¢
#locjourney #locs #locstyles #starterlocs #loclivin #locd #loccommunity #naturalhair #explorepage",https://www.instagram.com/p/C69Q-HpuQHK/
18467246761015486,17841461458191255,locwithaush,IG image,"2nd Year, First Quarter: Progress Update ğŸ˜Š
â€¢
â€¢
Idkkkk yâ€™all itâ€™s looking like it really could reach shoulder length by the end of the 2nd year â€¼ï¸ Weâ€™ll definitely have to confirm at the 1.5 year mark ğŸ¤© what does everyone think??",https://www.instagram.com/p/DB4eSbDJklO/
18010603547694850,17841461458191255,locwithaush,IG reel,"ITâ€™S STILL TUESDAY CENTRAL TIME #texturetuesday â€¢ 1y 6m 8d ğŸ’•
â€¢
â€¢
â€¢
#locjourney #locs #locstyles #starterlocs #loclivin #elocd #loccommunity #naturalhair #explorepage",https://www.instagram.com/reel/DFZb6XZONjt/
18389106109102747,17841461458191255,locwithaush,IG image,Progress pic for #texturetuesday ğŸ«¶ğŸ½,https://www.instagram.com/p/DE02skaullg/
18042083333196296,17841461458191255,locwithaush,IG carousel,"Close-up this #texturetuesday â˜ºï¸ â€¢ 1y 5m 10d
â€¢
â€¢
â€¢
#locjourney #locs #locstyles #starterlocs #loclivin #locd #loccommunity #naturalhair #explorepage",https://www.instagram.com/p/DEQl1dXJgNg/
18261929770248946,17841461458191255,locwithaush,IG carousel,"Pipe cleaner curls for graduation ğŸ‘©ğŸ½â€ğŸ“ ğŸ«¶ğŸ½ Masters in Data Science - DONEEEE ğŸ¤© âœ…
â€¢
â€¢
â€¢
#locjourney #locs #locstyles #starterlocs #loclivin #locd #loccommunity #naturalhair #explorepage",https://www.instagram.com/p/DEIhal4J4it/
18313891447161300,17841461458191255,locwithaush,IG image,"Time for a progress pic ğŸ¤©
â€¢
â€¢
â€¢
As a follow up to the last progress pic: What are we thinking now about length at the end of year 2?",https://www.instagram.com/p/DDz9qzOp41o/
18037593158090662,17841461458191255,locwithaush,IG image,"Happy #texturetuesday ğŸ«¶ğŸ½ 1y 4m 27d
â€¢
â€¢
#locjourney #locs #locstyles #starterlocs #loclivin #locd #loccommunity #naturalhair #explorepage",https://www.instagram.com/p/DDsT9n6JYwj/
18455079163071908,17841461458191255,locwithaush,IG carousel,"1st time trying pipe cleaner curls ğŸ¤©! â€¢1y 4m 16d
â€¢",https://www.instagram.com/p/DDQGeaIpRt5/
18047870951494505,17841461458191255,locwithaush,IG image,"Iâ€™ve been inactive cause itâ€™s one week till I graduate and itâ€™s crunch time â€¼ï¸ğŸ¤© but Happy #texturetuesday - hereâ€™s a quick pic I took a couple days ago. Hope everyone had a great Thanksgiving â˜ºï¸
â€¢
â€¢
â€¢
#locjourney #locs #locstyles #starterlocs #loclivin #locd #loccommunity #naturalhair #explorepage",https://www.instagram.com/p/DDImMRTuun_/
18078937681503767,17841461458191255,locwithaush,IG image,"Happy #texturetuesday ğŸ«¶ğŸ½ tb to last retwist (15 Months), never posted a pic from the back â€¼ï¸
â€¢
â€¢
#locjourney #locs #locstyles #starterlocs #loclivin #locd #loccommunity #naturalhair #explorepage",https://www.instagram.com/p/DCkql6OOPJg/
18038272145224923,17841461458191255,locwithaush,IG carousel,"Happy #texturetuesday ğŸ¤© â€¢ 1 year, 3 months and 23 days
â€¢
Idk what this style is called but itâ€™s my go to up do look atm â€¼ï¸ very low tension, so I love it ğŸ’• hope you have a great day todayyyyyy ğŸ«¶ğŸ½
â€¢
â€¢
â€¢
#locjourney #locs #locstyles #starterlocs #loclivin #locd #loccommunity #naturalhair #explorepage",https://www.instagram.com/p/DCSairUu5w3/
17958614912798940,17841461458191255,locwithaush,IG carousel,"1 Year 12 Days ğŸ«¶ğŸ½ğŸ’• Almost done with this summer semester & then thereâ€™s one last more to go ğŸ˜­â€¼ï¸ Anyone else graduating this fall?
â€¢
#locjourney #locs #locstyles #starterlocs #loclivin #locd #loccommunity #naturalhair #explorepage",https://www.instagram.com/p/C-MFnV1OVVb/
18021780719291003,17841461458191255,locwithaush,IG carousel,"Happy #texturetuesday â€¼ï¸ â€¢ 1 Year 3 Months 7 Days
â€¢
This retwist came out so nice I think ğŸ˜ took my time with this one cause I need it to last
â€¢
â€¢
â€¢
#locjourney #locs #locstyles #starterlocs #loclivin #locd #loccommunity #naturalhair #explorepage",https://www.instagram.com/p/DBty3JFOBp0/
18094104619434411,17841461458191255,locwithaush,IG image,"#texturetuesday â€¢ 1 Year 3 Months ğŸ«¶ğŸ½â˜ºï¸
â€¢
â€¢
#locjourney #locs #locstyles #starterlocs #loclivin #locd #loccommunity #naturalhair #explorepage",https://www.instagram.com/p/DBcRXzNOC6Q/
17993347049704344,17841461458191255,locwithaush,IG image,"#texturetuesday âœ¨ğŸ’• â€¢ 1 Year 2 Months 23 Days

â€¢
â€¢

#locjourney #locs #locstyles #starterlocs #loclivin #locd #loccommunity #naturalhair #explorepage",https://www.instagram.com/p/DBJr8I6JcvS/
18042033356317888,17841461458191255,locwithaush,IG image,"1 Year, 2 Months, 20 Days ğŸ’• ft. @electraroots loc jewelry ğŸ¥° go support my girl â€¼ï¸Hope everyoneâ€™s Monday doesnâ€™t suck completely ğŸ¤—

â€¢
â€¢
â€¢

#locjourney #locs #locstyles #starterlocs #loclivin #locd #loccommunity #naturalhair #explorepage",https://www.instagram.com/p/DBHMtu4uzqx/
18045509107990372,17841461458191255,locwithaush,IG image,"Reminding everyone to trust the process this #texturetuesday â€¼ï¸ For everyone whoâ€™s really locâ€™d ğŸ”’ in: How long do you recommend people with starter locs wait before deciding on combing out/cutting them off ğŸ¤”
â€¢
â€¢
â€¢
#locjourney #locs #locstyles #starterlocs #loclivin #locd #loccommunity #naturalhair #explorepage",https://www.instagram.com/p/DA3pIihusmd/
18369432643111176,17841461458191255,locwithaush,IG image,"Happy Fridayyyy â€¼ï¸ 1 Year 2 Months 11 Days & Iâ€™m excited for October ğŸ‚ğŸ«¶ğŸ½ itâ€™s time to start thinking about costumes ğŸ˜ˆ What are yâ€™all thinking about dressing up as? 
â€¢
â€¢
â€¢
#locjourney #locs #locstyles #starterlocs #loclivin #locd #loccommunity #naturalhair #explorepage",https://www.instagram.com/p/DAuIgNGuCCa/
18001667618673220,17841461458191255,locwithaush,IG image,"1 Year 2 Months 7 Days âœ¨Loving this pony & bang lately ğŸ¥° Hope everyone has a great weekend!
â€¢
â€¢
â€¢
#locjourney #locs #locstyles #starterlocs #loclivin #locd #loccommunity #naturalhair #explorepage",https://www.instagram.com/p/DAcLXQMOnQp/
17940715253882881,17841461458191255,locwithaush,IG image,"Quick #texturetuesday before class starts ğŸ¤—ğŸ«¶ğŸ½ 1 Year 2 Months 3 Days (123âœ¨)
â€¢
â€¢
â€¢
#locjourney #locs #locstyles #starterlocs #loclivin #locd #loccommunity #naturalhair #explorepage",https://www.instagram.com/p/DAUZqTLO0VA/
18108366610417957,17841461458191255,locwithaush,IG carousel,"Bantu Knots âœ¨ but itâ€™s a two-fer ğŸ¤© Officially 1 Year & 2 Months ğŸ’• 
â€¢
Inspo: @thick_locs23 @iwatchtoomuchyoutube ğŸ«¶ğŸ½ğŸ˜˜
â€¢
â€¢
I wanted to leave them in but my head just cannot with the tension. Itâ€™ll get better as my locs get longer for sure ğŸ¤— Have you tried bantu knots yet?? 
â€¢
#locjourney #locs #locstyles #starterlocs #loclivin #locd #loccommunity #naturalhair #explorepage",https://www.instagram.com/p/DAKG6a9OwND/
18048046354766817,17841461458191255,locwithaush,IG image,"Happy Sunday ğŸ˜˜ â€¢ 1 Year 1 Month 24 Days
â€¢
â€¢
â€¢
#locjourney #locs #locstyles #starterlocs #loclivin #locd #loccommunity #naturalhair #explorepage",https://www.instagram.com/p/C_9K-r4uW8y/
18054852703656389,17841461458191255,locwithaush,IG reel,"Real quick to put my locs in some water & give em a lil extra shake ğŸ‘€

Did you peep the length difference? Or am I delusional ğŸ¥²
â€¢
â€¢
â€¢
#locjourney #locs #locstyles #starterlocs #loclivin #locd #loccommunity #naturalhair #explorepage",https://www.instagram.com/reel/C_yvCTluuMA/
17923410113953861,17841461458191255,locwithaush,IG carousel,"Happy Texture Tuesday ğŸ˜ğŸ˜˜ â€¢ Thoughts Below ğŸ’­

Sometimes I feel the urge to dye my locsâ€¦ I was red for so long ğŸ˜­ when I was loose natural I dyed my hair with box dye all the time. I guess my hair is pretty resilient, cause Iâ€™ve never had breakage due to bleach or color ğŸ¤·ğŸ½â€â™€ï¸ Regardless though Iâ€™m still scared to dye my locs.. theyâ€™ve come so far and I think Iâ€™d break if my hair didâ€¦ what are yâ€™all thoughts on dying locs?",https://www.instagram.com/p/C_vQ832ubK3/
17903888463018731,17841461458191255,locwithaush,IG carousel,"1 Year 1 Month 15 Days ğŸ«¶ğŸ½ 
â€¢
Actively engaging in non-conformity fuels my soul.. when I do this style and feel beautiful in this style, I further heal the inner child trying so hard to adhere to European beauty standards. 
â€¢
This style actually reminds me so much of a Christmas tree ğŸ„. My hair reminds me of nature alot in that way â˜ºï¸ Any thoughts on what I should name this style?",https://www.instagram.com/p/C_nsQwxur6F/
18066088288613896,17841461458191255,locwithaush,IG reel,"Iâ€™M JUST PLAYING BUT I MEANNNN ğŸ‘€
â€¢
In all seriousness my locs have grown more than I imagined this past year ğŸ˜ patience is key yâ€™all! How have yâ€™all been managing your patience throughout your journey?",https://www.instagram.com/reel/C_jcOMpu929/
17866756761192778,17841461458191255,locwithaush,IG image,"I often get asked â€œhow did you get them so thick?â€

To put it shortly, Iâ€™m not 100% sure ğŸ¤·ğŸ½â€â™€ï¸ As you can see, they didnâ€™t start this wayâ€¼ï¸ This is my first loc journey and Iâ€™ve self maintained them, so I can only tell you what I hope contributed to the thickness:

1) Locs generally tend to get thick overtime. As the dead hair sheds into your loc, it will naturally get thicker. I was very worried at Month 3 that my locs would not get thick; I was very wrong.

2) I avoid styling my hair too often. When I retwist my hair, I donâ€™t usually style it. If I do, I keep it in for maybe 2 days and then take them down. And a â€œstyleâ€ for me really just one or two ponys.

3) Iâ€™ve never been scared of water. Locs are like plants, they need water to grow! I let my locs drench in water pretty much daily in the first 5 months. I did this mostly because I have dandruff, and hydrating my scalp was necessary to keep it healthy. But also my hair gets dense when wet (4c hair), and I like to think the water helped my locs thicken because of that â˜ºï¸

4) I considered interlocking my hair in the beginning to make maintenance last longer, but because of how interlocking works, I feared it would keep my locs thin and limit its ability to thicken overtime (not sure if this is actually true) So I ultimately just retwisted and locsmithed my locs. 

I hope this is helpful for everyone hoping for thicker locs â˜ºï¸ 

And let me know what yâ€™all think about interlocking ğŸ¤” Do yâ€™all think it constricts and contributes to skinny locs? Or have you seen interlocking on thick locs before?",https://www.instagram.com/p/C_WDu5bOhu3/
18012884678322174,17841461458191255,locwithaush,IG carousel,"Happy #texturetuesday â€¼ï¸ 1 Year 1 Month 6 Days ğŸ¤©
â€¢
Yâ€™all Iâ€™m at such an awkward length .. not even in a bad way I just donâ€™t know what to do with my hair frâ€¦ Iâ€™ve never been able to style my hair like this beforeâ€¦ can anyone relate â‰ï¸",https://www.instagram.com/p/C_MMF1KuKoh/
18038318864049910,17841461458191255,locwithaush,IG image,"1 Year & 1 Month ğŸ¥° My locs starting to look red-tipped ğŸ¤©
â€¢
#locjourney #locs #locstyles #starterlocs #loclivin #locd #loccommunity #naturalhair #explorepage",https://www.instagram.com/p/C_EcOJeuZcs/
17895427773052941,17841461458191255,locwithaush,IG reel,"1 Year & 1 Month Locâ€™d today ğŸ¥°
â€¢
I would try to style it but even when I do pig tails I get headaches sometimes. Iâ€™m hoping itâ€™ll hurt less when itâ€™s longer! What do you like to do?",https://www.instagram.com/reel/C-5IpBUuAYa/
18022022390366076,17841461458191255,locwithaush,IG reel,"Getting up close & personal this #texturetuesday ğŸ’•âœ¨ (I canâ€™t believe I remembered this week ğŸ˜­) 1 year 23 Days ğŸ«¶ğŸ½
â€¢
#locjourney #locs #locstyles #starterlocs #loclivin #locd #loccommunity #naturalhair #explorepage #4chair",https://www.instagram.com/reel/C-nVpOluEqS/
18059376442635389,17841461458191255,locwithaush,IG carousel,"Happy Sunday Yâ€™all ğŸ«¶ğŸ½ 1 Year : 20 Days ~
â€¢
Been loving the hang time + puffy roots combo lately ğŸ˜

#locjourney #locs #locstyles #starterlocs #loclivin #locd #loccommunity #naturalhair #explorepage",https://www.instagram.com/p/C-iXO7eull2/
18051358544134609,17841461458191255,locwithaush,IG reel,"I tell them every-time that Iâ€™m not gonna retwist their hair.. I barely ever feel like doing my own. Somehow I always end up here ğŸ¤”ğŸ˜‰ğŸ¥° but I always appreciate the opportunity to spend quality time together ğŸ’•âœ¨

â¤ï¸â€ğŸ”¥

â¤ï¸â€ğŸ”¥

â¤ï¸â€ğŸ”¥

#locjourney #locs #locstyles #blackgirlmagic #locslove #explorepage #woc #naturallocs #locinspiration #locdhaircommunity #locnation #loclife #loclivin #loccommunity #locdbeauty #locqueen #naturalhairstyles #healthyhair
#retwist #locvibes",https://www.instagram.com/reel/DGgN8WJODI8/
18006409652537713,17841461458191255,locwithaush,IG reel,"Likeeee it needed to be butt length yesterday ğŸ‘ğŸ½ğŸ˜­

ğŸ¤

ğŸ¤

ğŸ¤

#locjourney #locs #locstyles #blackgirlmagic #locslove #explorepage #woc #naturallocs #locinspiration #locdhaircommunity #locnation #loclife #loclivin #loccommunity #locdbeauty #locqueen #naturalhairstyles #healthyhair
#retwist #locvibes",https://www.instagram.com/reel/DGqaNAZOfga/
17918353503058732,17841461458191255,locwithaush,IG reel,"When Iâ€™m with you ğŸ˜®â€ğŸ’¨ğŸ«¶ğŸ½â€¦

â¤ï¸â€ğŸ”¥

â¤ï¸â€ğŸ”¥

â¤ï¸â€ğŸ”¥

#locjourney #locs #locstyles #blackgirlmagic #locslove #explorepage #woc #naturallocs #locinspiration #locdhaircommunity #locnation #loclife #loclivin #loccommunity #locdbeauty #locqueen #naturalhairstyles #healthyhair
#retwist #locvibes",https://www.instagram.com/reel/DGn8RiMO_e5/
18362075236134238,17841461458191255,locwithaush,IG reel,"Be Naive ~ believe in yourself as children do ğŸŒ€ğŸ‘ğŸ½ GO DO THE THING ğŸ—£ï¸

ğŸŒ€

ğŸŒ€

ğŸŒ€

#locs #locjourney #locs #retwist #blackgirlmagic #locslove #explorepage #woc #creativity #art #selfexpression #radicalcreativity #authenticity",https://www.instagram.com/reel/DGlXgGaumK4/
18112697437456531,17841461458191255,locwithaush,IG image,"See this is why Iâ€™m so tempted to dye my hair red againâ€¼ï¸â€¼ï¸ Iâ€™ve been thinking about starting my journey since 2022 because of this faux loc style I did on myself. Been in love with locs ever since. Imagine I had started in 2022 ğŸ˜¤. Better late than never though, and 1.5 years in. Yâ€™all see the vision though right??
â€¢
â€¢
â€¢
#locjourney #locs #locstyles #blackgirlmagic #locslove #explorepage #woc #naturallocs #locinspiration #locdhaircommunity #locnation #loclife #loclivin #loccommunity #locdbeauty #locqueen #naturalhairstyles #healthyhair",https://www.instagram.com/p/DGlXekKOweU/
17954013995919634,17841461458191255,locwithaush,IG carousel,"PSA @ Slide 5 ~ Thank You ğŸ«¶ğŸ½ #wrapwednesday 

ğŸ¤

ğŸ¤

ğŸ¤

#locjourney #locs #locstyles #blackgirlmagic #locslove #explorepage #woc #naturallocs #locinspiration #locdhaircommunity #locnation #loclife #loclivin #loccommunity #locdbeauty #locqueen #naturalhairstyles #healthyhair
#retwist #locvibes",https://www.instagram.com/p/DGiysFZOYLz/
18264818587283204,17841461458191255,locwithaush,IG carousel,"So ready for Spring #texturetuesday ğŸ˜­ğŸŒº â€¢ 1y 7m 1d

ğŸŒ·

ğŸŒ·

ğŸŒ·

#locjourney #locs #locstyles #blackgirlmagic #locslove #explorepage #woc #naturallocs #locinspiration #locdhaircommunity #locnation #loclife #loclivin #loccommunity #locdbeauty #locqueen #naturalhairstyles #healthyhair
#retwist #locvibes",https://www.instagram.com/p/DGgN54bOuE_/
18032597006542004,17841461458191255,locwithaush,IG reel,"My last trip >>> getting the room for free is almost as amazing as the views from @ventanabigsur ğŸ˜ğŸ˜ (DM me for details). I can not wait to go back and stay so much longer â€¼ï¸ Perfect retreat for couples, spent Valentineâ€™s Day there with my boo â˜ºï¸ğŸ˜˜ Have you been reminiscing on past trips lately? ğŸ’¬ #missingthesun

â¤ï¸â€ğŸ”¥

â¤ï¸â€ğŸ”¥

â¤ï¸â€ğŸ”¥

#locjourney #locs #locstyles #blackgirlmagic #locslove #explorepage #woc #naturallocs #locinspiration #locdhaircommunity #locnation #traveling #travelhacks  #travel",https://www.instagram.com/reel/DGZURaOO9cR/
17999071352737946,17841461458191255,locwithaush,IG reel,"1 Year & 7 Months Today â¤ï¸â€ğŸ”¥â€¼ï¸ My babies are finally long enough for side parts ğŸ˜ low tension styles >>>

â¤ï¸â€ğŸ”¥

â¤ï¸â€ğŸ”¥

â¤ï¸â€ğŸ”¥

#locjourney #locs #locstyles #blackgirlmagic #locslove #explorepage #woc #naturallocs #locinspiration #locdhaircommunity #locnation #loclife #loclivin #loccommunity #locdbeauty #locqueen #naturalhairstyles #healthyhair
#retwist #locvibes",https://www.instagram.com/reel/DGT0gUCpeSW/
18008162927524878,17841461458191255,locwithaush,IG carousel,"Now that my hair can go into a high pony itâ€™s so much easier to do wraps now ğŸ˜ #wrapwednesday â€¢ 1d 6m 26d

ğŸ¤

ğŸ¤

ğŸ¤

#locjourney #locs #locstyles #blackgirlmagic #locslove #explorepage #woc #naturallocs #locinspiration #locdhaircommunity #locnation #loclife #loclivin #loccommunity #locdbeauty #locqueen #naturalhairstyles #healthyhair
#retwist #locvibes",https://www.instagram.com/p/DGQxLfTum2n/
18032416316533117,17841461458191255,locwithaush,IG carousel,"Ft. My first attempt at loc sprinkles ğŸ«£ Howâ€™d I do? 1yâ€¢6mâ€¢26d #texturetuesday 

â¤ï¸â€ğŸ”¥

â¤ï¸â€ğŸ”¥

â¤ï¸â€ğŸ”¥

â¤ï¸â€ğŸ”¥

#locjourney #locs #locstyles #blackgirlmagic #locslove #explorepage #woc #naturallocs #locinspiration #locdhaircommunity #locnation #loclife #loclivin #loccommunity #locdbeauty #locqueen #naturalhairstyles #healthyhair",https://www.instagram.com/p/DGOXmYMpzKH/
18056973142865614,17841461458191255,locwithaush,IG image,"â¤ï¸â€ğŸ”¥ â€¢ 1y 6m 25d
â€¢
â€¢
â€¢
#locjourney #locs #locstyles #blackgirlmagic #locslove #explorepage #woc #naturallocs #locinspiration #locdhaircommunity #locnation #loclife #loclivin #loccommunity #locdbeauty #locqueen #naturalhairstyles #healthyhair
#retwist #locvibes",https://www.instagram.com/p/DGHAFMousLl/
18001594115567470,17841461458191255,locwithaush,IG image,"Happy Valentineâ€™s Day ~ Take care of yourself today ğŸ«¶ğŸ½ love you!! ğŸ¥° 
â€¢
â€¢
â€¢
#locjourney #locs #locstyles #blackgirlmagic #locslove #explorepage #woc #naturallocs #locinspiration #locdhaircommunity #locnation #loclife #loclivin #loccommunity #locdbeauty #locqueen #naturalhairstyles #healthyhair
#retwist #locvibes #valentines #happyvalentinesday",https://www.instagram.com/p/DGEvTVGSiyc/
18148961236362583,17841461458191255,locwithaush,IG reel,"Trying something different this Valentineâ€™s Day season ğŸ’…ğŸ½ğŸ¥° What are your plans for this Valentineâ€™s Day?
â€¢
â€¢
â€¢
#locjourney #locs #locstyles #blackgirlmagic #locslove #explorepage #woc #naturallocs #locinspiration #locdhaircommunity #locnation #loclife #loclivin #loccommunity #locdbeauty #locqueen #naturalhairstyles #healthyhair
#retwist #locvibes #NailInspo #ValentinesDayAesthetic",https://www.instagram.com/reel/DGByyDxz507/
18006224720706139,17841461458191255,locwithaush,IG reel,"So I think I got the basics down â€¼ï¸ Let me know what you think ğŸ˜®â€ğŸ’¨ Here are 3 tips I recommend and will use in the next attempt:

1) If your loc is a thicc boii, donâ€™t be afraid to go heavy on the thread length. I thought I had more than enough and was sadly mistaken ğŸ˜…

2) If your locs are not a solid color youâ€™ll need to make sure the bead & thread color works well with your loc color. The beads should pop, the thread should not âœ¨I think this bead color works well with my natural color but not so much the tips.

3) Be intentional about where you poke through the locâ€¦ it seems obvious going into the loc but itâ€™s not as obvious coming out of the loc, if you have thicc boiis â€¼ï¸

What bead color do you think I should try with my locs next??

â€¢
â€¢
â€¢
#locjourney #locs #locstyles #blackgirlmagic #locslove #explorepage #woc #naturallocs #locinspiration #locdhaircommunity #locnation #loclife #loclivin #loccommunity #locdbeauty #locqueen #naturalhairstyles #healthyhair
#retwist #locvibes #locsprinkles",https://www.instagram.com/reel/DF89qRxuZpi/
17915520617960900,17841461458191255,locwithaush,IG image,"Just finished up a soft retwist â€¼ï¸ Happy #texturetuesday ğŸ«¶ğŸ½ 1y 6m 21d
â€¢
â€¢
â€¢
#locjourney #locs #locstyles #blackgirlmagic #locslove #explorepage #woc #naturallocs #locinspiration #locdhaircommunity #locnation #loclife #loclivin #loccommunity #locdbeauty #locqueen #naturalhairstyles #healthyhair
#retwist #locvibes",https://www.instagram.com/p/DF8gicGJt9I/
17854309683332781,17841461458191255,locwithaush,IG image,"Love a good wash nâ€™ go ğŸ¤© â€¢ 1y 6m 17d
â€¢
â€¢
â€¢
#locjourney #locs #locstyles #blackgirlmagic #locslove #explorepage #woc #naturallocs #locinspiration #locdhaircommunity #locnation #loclife #loclivin #loccommunity #locdbeauty #locqueen #naturalhairstyles #healthyhair
#retwist #locvibes",https://www.instagram.com/p/DF0x4e2pgJn/
18039855416121299,17841461458191255,locwithaush,IG reel,"Iâ€™m stuck between flexing that my locs needs to be pulled back before starting my makeup routine, and finding the additional step to be annoying cause sometimes I donâ€™t have a hair tie by meâ€¦ Iâ€™m still getting used to needing one to be honest â€¼ï¸ maintaining locs is a journey even at 1.5 years locâ€™d ğŸ˜
â€¢
â€¢
Products Used (In Order)
@cerave Daily Moisturizing Lotion
@maybelline 24h Skin Tint
@anastasiabeverlyhills Clear Brow Gel
@onesize Lip Snatcher (shade: coin collector)
@fentybeauty Fenty Icon Velvet Liquid Lipstick (shade: wicked wine)
@fentybeauty Gloss Bomb (shade: hot chocolit)
@anastasiabeverlyhills Brow Definer (shade: soft brown)
(I donâ€™t know the brand of my white eyeliner pencil I literally just got it from the local beauty supply)
@onesize Point Made 24hr liquid eyeliner pen
@fentybeauty Match Stix (shade: truffle)
@missrosepakistanofficial 8 color blush palette (shade: bottom right corner of palette)
@morphebrushes Jacklyn Hill Ring the Alarm (shade: boom)
@onesize On â€˜Til Dawn Setting Spray
â€¢
â€¢
#locjourney #locs #locstyles #blackgirlmagic #locslove #explorepage #woc #naturallocs #makeup #makeuptutorial #locinspiration #locdhaircommunity #blackgirlmakeup #makeuplooks #womenwithlocs #makeuproutine",https://www.instagram.com/reel/DFyEhS7J_2Q/
18091956559544002,17841461458191255,locwithaush,IG image,"Itâ€™s getting difficult to capture the texture while also keeping all my locs in frame ğŸ¥² happy #texturetuesday 1y 6m 14d ğŸ«¶ğŸ½
â€¢
â€¢
â€¢
#locjourney #locs #locstyles #starterlocs #loclivin #elocd #loccommunity #naturalhair #explorepage",https://www.instagram.com/p/DFqqaklOFL3/
17955150578685763,17841461458191255,locwithaush,IG image,"Bang went from eyebrow to nose length between 1/4 and 1/2 a year ğŸ«¶ğŸ½
â€¢
â€¢
â€¢
#locjourney #locs #locstyles #starterlocs #loclivin #locd #loccommunity #naturalhair #explorepage",https://www.instagram.com/p/C2x2OGQO1zO/
17981678441512603,17841461458191255,locwithaush,IG image,"My locs reminds me of chicken tenders ğŸ‘€ Happy #texturetuesday ğŸ«¶ğŸ½

â€¢
â€¢
â€¢

#locjourney #locs #locstyles #starterlocs #loclivin #locd #loccommunity #naturalhair #explorepage",https://www.instagram.com/p/C6ZUb6-OaVv/
17974645595562456,17841461458191255,locwithaush,IG image,"I share a lot of progress posts but I have yet to post what progress looks like without a fresh rewtist, so here it is! This is the raw, uncut, untamed progress of a 4c loc journey. I love a good retwist, but the reality is that most days (if youâ€™re washing your hair like you need to) theyâ€™re gonna look similar to this â€¼ï¸ and personally I love that. But for those with 4c hair considering the loc journey themselves, depending on where you are in your relationship with your hair in its natural state, this can be difficult to accept. A lot of the pictures on the explore page are overwhelmingly either retwists on long locs, locs that are dense enough to fall, and/or locs that are always styled. And they all look amazing, but theyâ€™re only a small part of the whole picture. I hope with this post to be authentic about what it looks like throughout the whole journey for some of us, even if itâ€™s not what trends or gets the most likes for the sleekest looks. And the crazy part is itâ€™s still incredibly beautiful, the growth is apparent and the locs are thriving just as much â€¼ï¸ Thanks for reading my little rant ğŸ«¶ğŸ½ youâ€™re the best â˜ºï¸

â€¢
â€¢
â€¢

#locjourney #locs #locstyles #starterlocs #loclivin #locd #loccommunity #naturalhair #explorepage",https://www.instagram.com/p/C6RVatZOlHz/
18017636531240071,17841461458191255,locwithaush,IG carousel,"9 Months Downnnn ğŸ‰ Happy #texturetuesday yâ€™all ğŸ«¶ğŸ½ The last quarter of my first year locked in officially begins and the countdown starts now â€¼ï¸ In the meantime Iâ€™m experimenting with styles a bit more like this one ğŸ¤© What do yâ€™all think? Would you rock this style?

â€¢
â€¢
â€¢

#locjourney #locs #locstyles #starterlocs #loclivin #locd #loccommunity #naturalhair #explorepage",https://www.instagram.com/p/C6HCPoUOP9-/
18048667666579103,17841461458191255,locwithaush,IG carousel,"So in preparation for my 9 month retwist today I went ahead and crocheted the bottom 3 rows and around the perimeter in the front/sides. My bottom three rows & perimeter had an unreasonable amount of loose hair and it was eventually going to cause my locs to thin. So I wanted to try crocheting the roots before locksmithing them. Scroll to the end to see the results. The top of my head is a bit more controlled so Iâ€™m just going to locksmith those without crochet ğŸ’• Stay tuned for the final retwist â€¼ï¸ğŸ«¶ğŸ½

â€¢
â€¢
â€¢

#locjourney #locs #locstyles #starterlocs #loclivin #locd #loccommunity #naturalhair #explorepage",https://www.instagram.com/p/C6CWC1TOS7m/
17917177487813463,17841461458191255,locwithaush,IG image,"First progress pic including Month 8 this #texturetuesday ğŸ¤© This may be my favorite progress pic yet because it really shows the beginning loc stages. In fact soon I wonâ€™t even be able to call my locs starters anymoreâ€¦ what do yâ€™all think? Are my locs still considered starter locs? ğŸ’•

â€¢
â€¢
â€¢

#locjourney #locs #locstyles #starterlocsâ“#loclivin #locd #loccommunity #naturalhair #explorepage",https://www.instagram.com/p/C508dfyOfRR/
18003065996440309,17841461458191255,locwithaush,IG carousel,"Now look yâ€™all can say the ponyâ€™s short but yâ€™all canâ€™t say the pony aint there â€¼ï¸ Day 266 ğŸ«¶ğŸ½ This is definitely a high tension style & because of that it will be down by the end of the day ğŸ˜— Just like to switch it up occasionally â˜ºï¸
â€¢
â€¢
â€¢
#locjourney #locs #locstyles #starterlocs #loclivin #locd #loccommunity #naturalhair #explorepage",https://www.instagram.com/p/C5oxsKnulRj/
18104257327377559,17841461458191255,locwithaush,IG image,"Day 261 ğŸ«¶ğŸ½ Locs were a bit dressed up this weekend for my eclipse trip â˜ºï¸ first time wearing beads and I definitely think Iâ€™ll start wearing them more! Did you catch the eclipse today?
â€¢
â€¢
â€¢
#locjourney #locs #locstyles #starterlocs #loclivin #locd #loccommunity #naturalhair #explorepage",https://www.instagram.com/p/C5hSo8KPc3B/
18259217083209583,17841461458191255,locwithaush,IG image,"This may be just another #texturetuesday for yâ€™all ğŸ‘€ but for me itâ€™s so, so meaningful. Let me tell you why:

Iâ€™ve never been able to go a week post retwist without washing it out due to excessive itching caused by dandruffâ€¦ but today, Iâ€™m 10 DAYS POST RETWIST ğŸ˜ƒ Iâ€™m not sure what exactly helped, but Iâ€™ve been trying a combination of things (comment below if youâ€™re interested in knowing what Iâ€™ve been doing â˜ºï¸). And Iâ€™m not itchy at all. You can even see some of the locs at the top still twisted â€¼ï¸ Iâ€™m curious to see how long I can comfortably go before the next wash & retwist ğŸ˜Œ Iâ€™ll keep you posted ğŸ˜œ Happy Texture Tuesday!

â€¢
â€¢

#locjourney #locs #locstyles #starterlocs #loclivin #locd #loccommunity #naturalhair #explorepage",https://www.instagram.com/p/C5RUtz4pgWO/
18038410606776532,17841461458191255,locwithaush,IG carousel,"8 Month Retwist ğŸ™ŒğŸ½ğŸ¤©â€¼ï¸ I think my locs are almost more, or just as much black as red ğŸ«£ What do yâ€™all think? â˜ºï¸

â€¢

I also lowkey took a nap before taking this pic so they a little flatter than usual ğŸ˜‚ but I did make an observation that in the early stages I feel like the length was increasing rapidly from month to month because the locs were thinner, so the loc stretched more. I think at this point in the journey, the length is going to slow down a bit, but thickness is going to start kicking in. Cause this retwist I really had to put in the work to make them stay twisted especially towards the crown of my headğŸ˜®â€ğŸ’¨This is just a theory ğŸ¤·ğŸ½â€â™€ï¸ canâ€™t wait to see what happens and as always Iâ€™ll document the progress â€¼ï¸

â€¢
â€¢
â€¢

#locjourney #locs #locstyles #starterlocs #loclivin #locd #loccommunity #naturalhair #explorepage",https://www.instagram.com/p/C45rfYZusXe/
18230236429264359,17841461458191255,locwithaush,IG image,"A full side by side progress update before my 8 month retwist this weekend â˜ºï¸â€¼ï¸

â€¢

I lowkey already hit 8 months but itâ€™s mid week & I donâ€™t have time for a retwist till the weekend so itâ€™s gonna have to wait a bit ğŸ¤­ The month 8 progress pic is coming soon ğŸ˜ƒ

â€¢
â€¢
â€¢

#locjourney #locs #locstyles #starterlocs #loclivin #locd #loccommunity #naturalhair #explorepage",https://www.instagram.com/p/C4yovlwOiSw/
18012742697260845,17841461458191255,locwithaush,IG image,"I think this length is so cute ğŸ«¶ğŸ½ â€¢ this was a couple days post my last retwist ğŸ’•

â€¢
â€¢

#locjourney #locs #locstyles #starterlocs #loclivin #locd #loccommunity #naturalhair #explorepage",https://www.instagram.com/p/C4lNmFAu2Sv/
18014676185473491,17841461458191255,locwithaush,IG reel,"Idk what my locs be doing but I just be going with it at this point ğŸ¤·ğŸ½â€â™€ï¸ heavy on the BANANA â€¼ï¸

â€¢
â€¢

#locjourney #locs #locstyles #starterlocs #loclivin #locd #loccommunity #naturalhair #explorepage",https://www.instagram.com/reel/C4Y9qjsuAub/
17968289756574784,17841461458191255,locwithaush,IG reel,"Sometimes Iâ€™m so scared of tension damage and product buildup in my #locs that I donâ€™t do anything with my hairâ€¦ most days I leave it middle part down or in a bandana â€¼ï¸ even with my cowrie shells, I take them down the next day or two. 

But I feel thereâ€™s so many styles we can do without hella product or tension ğŸ¤© the ponyâ€™s I have in rn arenâ€™t even wrapped twice around my hair. And I try not to force what doesnâ€™t naturally fall into the pony. Gonna start exploring some different things to do without damaging my locs â˜ºï¸

Who else is scared to style their locs ğŸ«£âœ‹ğŸ½?

â€¢
â€¢

#locjourney #locs #locstyles #starterlocs #loclivin #locd #loccommunity #naturalhair #explorepage",https://www.instagram.com/reel/C4Okn1LuhsF/
18017045708279164,17841461458191255,locwithaush,IG image,"This Texture Tuesday we hyping up the ones who think theyâ€™re in the ugly stage ğŸ™ŒğŸ½ At Week 11, some may have thought my locs were in the ugly stageâ€¦ bet they aint saying that now ğŸ˜‰ if you think youâ€™re going through the ugly stage now, Iâ€™m here to tell you thereâ€™s no such thing, but its only up from here! ğŸ’• 
â€¢
â€¢
#thisisyoursign #locs #texturetuesday",https://www.instagram.com/p/C4JxYAyOowX/
17999595224406184,17841461458191255,locwithaush,IG image,"Happy Sunday ğŸ«¶ğŸ½â€¼ï¸ What do you have planned to do today? 
â€¢ 
Day 220
â€¢
â€¢
#locjourney #locs #locstyles #starterlocs #loclivin #locd #loccommunity #naturalhair #explorepage",https://www.instagram.com/p/C4DtrsXt4sX/
18097843543363260,17841461458191255,locwithaush,IG reel,"When I first started locking up I honestly didnâ€™t know who to believe about the whole â€œdonâ€™t wash your hairâ€ thing.. I started in 2 strand twists and ended up rinsing my hair daily in the shower in the beginning. Yes I did have the occasional unraveling in the back and I lowkey still do towards the root sometimes, but overall Iâ€™m 7 months in and they look amazing â€¼ï¸ğŸ«¶ğŸ½ 

Water causes your hair to shrink up causing it tangle into one another and helping the loc process.. if you have coils maybe you shouldnâ€™t rinse as often, but in my experience water is your bestie ğŸ«¶ğŸ½

â€¢
â€¢

#locjourney #locs #locstyles #starterlocs #loclivin #locd #loccommunity #naturalhair #explorepage",https://www.instagram.com/reel/C38EWJhOPto/
18416347414015910,17841461458191255,locwithaush,IG reel,"She blows me away with her growth every time ğŸ’•ğŸ«¶ğŸ½
â€¢
â€¢
#locjourney #locs #locstyles #starterlocs #loclivin #locd #loccommunity #naturalhair #explorepage",https://www.instagram.com/reel/C36Tr5XO1sm/
18058719538524584,17841461458191255,locwithaush,IG carousel,"7 months ğŸ”  ft. Cowrie Shells ğŸ«¶ğŸ½ğŸš
â€¢
On my way to the @locmeetup this weekend â€¼ï¸ pictures coming soon ğŸ’•

#locjourney #locs #locstyles #starterlocs #loclivin #locd #loccommunity #naturalhair #explorepage",https://www.instagram.com/p/C3vusb3uO0C/
18094079896401115,17841461458191255,locwithaush,IG image,"The progress in half a year ğŸ«¶ğŸ½ lowkey missing my red yâ€™all ğŸ˜­ but I love having a solid measure of how much my hair has grown since locking up. All that black wasnâ€™t there pre-loc â€¼ï¸ theyâ€™ve thicken up so perfectly too ğŸ˜
â€¢
Month 7 coming soon ğŸ’•
â€¢
#locjourney #locs #locstyles #starterlocs #loclivin #locd #loccommunity #naturalhair #explorepage",https://www.instagram.com/p/C3fqkliub9w/
18059364667515507,17841461458191255,locwithaush,IG carousel,"Some close ups this #texturetuesday ğŸ’• â€¢ Day 208
â€¢
#locjourney #locs #locstyles #starterlocs #loclivin #locd #loccommunity #naturalhair #explorepage",https://www.instagram.com/p/C3S83T7OlOn/
18114006247359350,17841461458191255,locwithaush,IG image,"Day 206 ğŸ«¶ğŸ½ â€¢ Happy Sunday everyone ğŸ’•
â€¢
#locjourney #locs #locstyles #starterlocs #loclivin #locd #loccommunity #naturalhair #explorepage",https://www.instagram.com/p/C3OC0HLOGXi/
18171757609292289,17841461458191255,locwithaush,IG reel,"The beauty amongst chaos ğŸ’• â€¢ Day 196
â€¢
â€¢
â€¢
#locjourney #locs #locstyles #starterlocs #loclivin #locd #loccommunity #naturalhair #explorepage",https://www.instagram.com/reel/C205azJuuzf/
